<?xml version="1.0" encoding="UTF-8"?>
<config xmlns="http://www.knime.org/2008/09/XMLConfig" xmlns:xsi="http://www.w3.org/2001/XMLSchema-instance" xsi:schemaLocation="http://www.knime.org/2008/09/XMLConfig http://www.knime.org/XMLConfig_2008_09.xsd" key="model.xml">
    <entry key="version" type="xint" value="1"/>
    <entry key="class_name" type="xstring" value="org.knime.base.data.normalize.NormalizerPortObject"/>
    <config key="model">
        <config key="columns">
            <config key="Alcohol">
                <entry key="column_name" type="xstring" value="Alcohol"/>
                <entry key="column_scale" type="xdouble" value="1.2317902325001158"/>
                <entry key="column_translate" type="xdouble" value="-16.014034241184504"/>
                <entry key="column_min" type="xdouble" value="NaN"/>
                <entry key="column_max" type="xdouble" value="NaN"/>
            </config>
            <config key="Malic acid">
                <entry key="column_name" type="xstring" value="Malic acid"/>
                <entry key="column_scale" type="xdouble" value="0.8951380684544175"/>
                <entry key="column_translate" type="xdouble" value="-2.0913543175738134"/>
                <entry key="column_min" type="xdouble" value="NaN"/>
                <entry key="column_max" type="xdouble" value="NaN"/>
            </config>
            <config key="Ash">
                <entry key="column_name" type="xstring" value="Ash"/>
                <entry key="column_scale" type="xdouble" value="3.645058637961095"/>
                <entry key="column_translate" type="xdouble" value="-8.626092700307481"/>
                <entry key="column_min" type="xdouble" value="NaN"/>
                <entry key="column_max" type="xdouble" value="NaN"/>
            </config>
            <config key="Alcalinity of ash">
                <entry key="column_name" type="xstring" value="Alcalinity of ash"/>
                <entry key="column_scale" type="xdouble" value="0.29944030709327246"/>
                <entry key="column_translate" type="xdouble" value="-5.8375719642941855"/>
                <entry key="column_min" type="xdouble" value="NaN"/>
                <entry key="column_max" type="xdouble" value="NaN"/>
            </config>
            <config key="Magnesium">
                <entry key="column_name" type="xstring" value="Magnesium"/>
                <entry key="column_scale" type="xdouble" value="0.07001583435605314"/>
                <entry key="column_translate" type="xdouble" value="-6.983489455940263"/>
                <entry key="column_min" type="xdouble" value="NaN"/>
                <entry key="column_max" type="xdouble" value="NaN"/>
            </config>
            <config key="Total phenols">
                <entry key="column_name" type="xstring" value="Total phenols"/>
                <entry key="column_scale" type="xdouble" value="1.597824277618581"/>
                <entry key="column_translate" type="xdouble" value="-3.6671862479523534"/>
                <entry key="column_min" type="xdouble" value="NaN"/>
                <entry key="column_max" type="xdouble" value="NaN"/>
            </config>
            <config key="Flavanoids">
                <entry key="column_name" type="xstring" value="Flavanoids"/>
                <entry key="column_scale" type="xdouble" value="1.0011426190713189"/>
                <entry key="column_translate" type="xdouble" value="-2.03158834513905"/>
                <entry key="column_min" type="xdouble" value="NaN"/>
                <entry key="column_max" type="xdouble" value="NaN"/>
            </config>
            <config key="Nonflavanoid phenols">
                <entry key="column_name" type="xstring" value="Nonflavanoid phenols"/>
                <entry key="column_scale" type="xdouble" value="8.03513989754023"/>
                <entry key="column_translate" type="xdouble" value="-2.907546970789696"/>
                <entry key="column_min" type="xdouble" value="NaN"/>
                <entry key="column_max" type="xdouble" value="NaN"/>
            </config>
            <config key="Proanthocyanins">
                <entry key="column_name" type="xstring" value="Proanthocyanins"/>
                <entry key="column_scale" type="xdouble" value="1.7471556137468998"/>
                <entry key="column_translate" type="xdouble" value="-2.779547902813748"/>
                <entry key="column_min" type="xdouble" value="NaN"/>
                <entry key="column_max" type="xdouble" value="NaN"/>
            </config>
            <config key="Color intensity">
                <entry key="column_name" type="xstring" value="Color intensity"/>
                <entry key="column_scale" type="xdouble" value="0.43135318735040057"/>
                <entry key="column_translate" type="xdouble" value="-2.1818231925152043"/>
                <entry key="column_min" type="xdouble" value="NaN"/>
                <entry key="column_max" type="xdouble" value="NaN"/>
            </config>
            <config key="Hue">
                <entry key="column_name" type="xstring" value="Hue"/>
                <entry key="column_scale" type="xdouble" value="4.374997372790117"/>
                <entry key="column_translate" type="xdouble" value="-4.1888387767142055"/>
                <entry key="column_min" type="xdouble" value="NaN"/>
                <entry key="column_max" type="xdouble" value="NaN"/>
            </config>
            <config key="OD280/OD315 of diluted wines">
                <entry key="column_name" type="xstring" value="OD280/OD315 of diluted wines"/>
                <entry key="column_scale" type="xdouble" value="1.4084696912596262"/>
                <entry key="column_translate" type="xdouble" value="-3.6784797195099697"/>
                <entry key="column_min" type="xdouble" value="NaN"/>
                <entry key="column_max" type="xdouble" value="NaN"/>
            </config>
            <config key="Proline">
                <entry key="column_name" type="xstring" value="Proline"/>
                <entry key="column_scale" type="xdouble" value="0.003175535932566832"/>
                <entry key="column_translate" type="xdouble" value="-2.371786379926755"/>
                <entry key="column_min" type="xdouble" value="NaN"/>
                <entry key="column_max" type="xdouble" value="NaN"/>
            </config>
        </config>
        <entry key="summary" type="xstring" value="Z-Score (Gaussian) normalization on 13 column(s)"/>
    </config>
</config>
