<?xml version="1.0" encoding="UTF-8"?>
<config xmlns="http://www.knime.org/2008/09/XMLConfig" xmlns:xsi="http://www.w3.org/2001/XMLSchema-instance" xsi:schemaLocation="http://www.knime.org/2008/09/XMLConfig http://www.knime.org/XMLConfig_2008_09.xsd" key="model.xml">
    <entry key="version" type="xint" value="1"/>
    <entry key="class_name" type="xstring" value="org.knime.base.algorithms.outlier.NumericOutliersPortObject"/>
    <config key="model">
        <entry key="summary" type="xstring" value="Outlier treatment for columns: &quot;Alcohol&quot;, &quot;Malic acid&quot;, &quot;Ash&quot;,  ... &lt;10 more&gt;"/>
        <config key="group-col-types">
            <entry key="array-size" type="xint" value="0"/>
        </config>
        <config key="outlier-treatment">
            <entry key="outlier-treatment" type="xstring" value="Remove outlier rows"/>
            <entry key="replacement-strategy" type="xstring" value="Missing values"/>
            <entry key="detection-option" type="xstring" value="All outliers"/>
            <entry key="update-domain" type="xboolean" value="false"/>
        </config>
        <config key="permitted intervals">
            <config key="groups">
                <entry key="array-size" type="xint" value="0"/>
            </config>
            <config key="outliers">
                <entry key="array-size" type="xint" value="13"/>
                <entry key="0" type="xstring" value="Alcohol"/>
                <entry key="1" type="xstring" value="Malic acid"/>
                <entry key="2" type="xstring" value="Ash"/>
                <entry key="3" type="xstring" value="Alcalinity of ash"/>
                <entry key="4" type="xstring" value="Magnesium"/>
                <entry key="5" type="xstring" value="Total phenols"/>
                <entry key="6" type="xstring" value="Flavanoids"/>
                <entry key="7" type="xstring" value="Nonflavanoid phenols"/>
                <entry key="8" type="xstring" value="Proanthocyanins"/>
                <entry key="9" type="xstring" value="Color intensity"/>
                <entry key="10" type="xstring" value="Hue"/>
                <entry key="11" type="xstring" value="OD280/OD315 of diluted wines"/>
                <entry key="12" type="xstring" value="Proline"/>
            </config>
            <config key="data">
                <config key="row0">
                    <config key="key">
                        <config key="group-key">
                            <entry key="array-size" type="xint" value="0"/>
                        </config>
                    </config>
                    <config key="interval-columns">
                        <config key="interval0">
                            <entry key="outlier" type="xstring" value="Alcalinity of ash"/>
                            <config key="interval">
                                <entry key="array-size" type="xint" value="2"/>
                                <entry key="0" type="xdouble" value="10.624999999999996"/>
                                <entry key="1" type="xdouble" value="28.025000000000002"/>
                            </config>
                        </config>
                        <config key="interval1">
                            <entry key="outlier" type="xstring" value="Nonflavanoid phenols"/>
                            <config key="interval">
                                <entry key="array-size" type="xint" value="2"/>
                                <entry key="0" type="xdouble" value="0.010000000000000009"/>
                                <entry key="1" type="xdouble" value="0.69"/>
                            </config>
                        </config>
                        <config key="interval2">
                            <entry key="outlier" type="xstring" value="Proline"/>
                            <config key="interval">
                                <entry key="array-size" type="xint" value="2"/>
                                <entry key="0" type="xdouble" value="-227.5"/>
                                <entry key="1" type="xdouble" value="1712.5"/>
                            </config>
                        </config>
                        <config key="interval3">
                            <entry key="outlier" type="xstring" value="Alcohol"/>
                            <config key="interval">
                                <entry key="array-size" type="xint" value="2"/>
                                <entry key="0" type="xdouble" value="10.362499999999997"/>
                                <entry key="1" type="xdouble" value="15.662500000000001"/>
                            </config>
                        </config>
                        <config key="interval4">
                            <entry key="outlier" type="xstring" value="Total phenols"/>
                            <config key="interval">
                                <entry key="array-size" type="xint" value="2"/>
                                <entry key="0" type="xdouble" value="0.12500000000000022"/>
                                <entry key="1" type="xdouble" value="4.404999999999999"/>
                            </config>
                        </config>
                        <config key="interval5">
                            <entry key="outlier" type="xstring" value="Ash"/>
                            <config key="interval">
                                <entry key="array-size" type="xint" value="2"/>
                                <entry key="0" type="xdouble" value="1.6925000000000003"/>
                                <entry key="1" type="xdouble" value="3.0724999999999993"/>
                            </config>
                        </config>
                        <config key="interval6">
                            <entry key="outlier" type="xstring" value="Proanthocyanins"/>
                            <config key="interval">
                                <entry key="array-size" type="xint" value="2"/>
                                <entry key="0" type="xdouble" value="0.18750000000000044"/>
                                <entry key="1" type="xdouble" value="3.0074999999999994"/>
                            </config>
                        </config>
                        <config key="interval7">
                            <entry key="outlier" type="xstring" value="Malic acid"/>
                            <config key="interval">
                                <entry key="array-size" type="xint" value="2"/>
                                <entry key="0" type="xdouble" value="-0.6099999999999994"/>
                                <entry key="1" type="xdouble" value="5.27"/>
                            </config>
                        </config>
                        <config key="interval8">
                            <entry key="outlier" type="xstring" value="Hue"/>
                            <config key="interval">
                                <entry key="array-size" type="xint" value="2"/>
                                <entry key="0" type="xdouble" value="0.2699999999999999"/>
                                <entry key="1" type="xdouble" value="1.6300000000000003"/>
                            </config>
                        </config>
                        <config key="interval9">
                            <entry key="outlier" type="xstring" value="Magnesium"/>
                            <config key="interval">
                                <entry key="array-size" type="xint" value="2"/>
                                <entry key="0" type="xdouble" value="59.5"/>
                                <entry key="1" type="xdouble" value="135.5"/>
                            </config>
                        </config>
                        <config key="interval10">
                            <entry key="outlier" type="xstring" value="Color intensity"/>
                            <config key="interval">
                                <entry key="array-size" type="xint" value="2"/>
                                <entry key="0" type="xdouble" value="-1.3250000000000006"/>
                                <entry key="1" type="xdouble" value="10.715"/>
                            </config>
                        </config>
                        <config key="interval11">
                            <entry key="outlier" type="xstring" value="Flavanoids"/>
                            <config key="interval">
                                <entry key="array-size" type="xint" value="2"/>
                                <entry key="0" type="xdouble" value="-1.4300000000000002"/>
                                <entry key="1" type="xdouble" value="5.45"/>
                            </config>
                        </config>
                        <config key="interval12">
                            <entry key="outlier" type="xstring" value="OD280/OD315 of diluted wines"/>
                            <config key="interval">
                                <entry key="array-size" type="xint" value="2"/>
                                <entry key="0" type="xdouble" value="0.05749999999999966"/>
                                <entry key="1" type="xdouble" value="5.0375"/>
                            </config>
                        </config>
                    </config>
                </config>
            </config>
        </config>
    </config>
</config>
