<?xml version="1.0" encoding="UTF-8"?>
<config xmlns="http://www.knime.org/2008/09/XMLConfig" xmlns:xsi="http://www.w3.org/2001/XMLSchema-instance" xsi:schemaLocation="http://www.knime.org/2008/09/XMLConfig http://www.knime.org/XMLConfig_2008_09.xsd" key="model.xml">
    <entry key="version" type="xint" value="1"/>
    <entry key="class_name" type="xstring" value="org.knime.base.algorithms.outlier.NumericOutliersPortObjectSpec"/>
    <config key="model">
        <config key="group-col-types">
            <entry key="array-size" type="xint" value="0"/>
        </config>
        <config key="groups">
            <entry key="array-size" type="xint" value="0"/>
        </config>
        <config key="outliers">
            <entry key="array-size" type="xint" value="13"/>
            <entry key="0" type="xstring" value="Alcohol"/>
            <entry key="1" type="xstring" value="Malic acid"/>
            <entry key="2" type="xstring" value="Ash"/>
            <entry key="3" type="xstring" value="Alcalinity of ash"/>
            <entry key="4" type="xstring" value="Magnesium"/>
            <entry key="5" type="xstring" value="Total phenols"/>
            <entry key="6" type="xstring" value="Flavanoids"/>
            <entry key="7" type="xstring" value="Nonflavanoid phenols"/>
            <entry key="8" type="xstring" value="Proanthocyanins"/>
            <entry key="9" type="xstring" value="Color intensity"/>
            <entry key="10" type="xstring" value="Hue"/>
            <entry key="11" type="xstring" value="OD280/OD315 of diluted wines"/>
            <entry key="12" type="xstring" value="Proline"/>
        </config>
    </config>
</config>
