<?xml version="1.0" encoding="UTF-8"?>
<config xmlns="http://www.knime.org/2008/09/XMLConfig" xmlns:xsi="http://www.w3.org/2001/XMLSchema-instance" xsi:schemaLocation="http://www.knime.org/2008/09/XMLConfig http://www.knime.org/XMLConfig_2008_09.xsd" key="model.xml">
    <entry key="version" type="xint" value="1"/>
    <entry key="class_name" type="xstring" value="org.knime.base.data.normalize.NormalizerPortObject"/>
    <config key="model">
        <config key="columns">
            <config key="Alcohol">
                <entry key="column_name" type="xstring" value="Alcohol"/>
                <entry key="column_scale" type="xdouble" value="0.29239766081871343"/>
                <entry key="column_translate" type="xdouble" value="-3.3362573099415203"/>
                <entry key="column_min" type="xdouble" value="0.0"/>
                <entry key="column_max" type="xdouble" value="1.0"/>
            </config>
            <config key="Malic acid">
                <entry key="column_name" type="xstring" value="Malic acid"/>
                <entry key="column_scale" type="xdouble" value="0.2247191011235955"/>
                <entry key="column_translate" type="xdouble" value="-0.16629213483146066"/>
                <entry key="column_min" type="xdouble" value="0.0"/>
                <entry key="column_max" type="xdouble" value="1.0"/>
            </config>
            <config key="Ash">
                <entry key="column_name" type="xstring" value="Ash"/>
                <entry key="column_scale" type="xdouble" value="0.819672131147541"/>
                <entry key="column_translate" type="xdouble" value="-1.3934426229508197"/>
                <entry key="column_min" type="xdouble" value="0.0"/>
                <entry key="column_max" type="xdouble" value="1.0"/>
            </config>
            <config key="Alcalinity of ash">
                <entry key="column_name" type="xstring" value="Alcalinity of ash"/>
                <entry key="column_scale" type="xdouble" value="0.06329113924050632"/>
                <entry key="column_translate" type="xdouble" value="-0.7088607594936708"/>
                <entry key="column_min" type="xdouble" value="0.0"/>
                <entry key="column_max" type="xdouble" value="1.0"/>
            </config>
            <config key="Magnesium">
                <entry key="column_name" type="xstring" value="Magnesium"/>
                <entry key="column_scale" type="xdouble" value="0.015625"/>
                <entry key="column_translate" type="xdouble" value="-1.09375"/>
                <entry key="column_min" type="xdouble" value="0.0"/>
                <entry key="column_max" type="xdouble" value="1.0"/>
            </config>
            <config key="Total phenols">
                <entry key="column_name" type="xstring" value="Total phenols"/>
                <entry key="column_scale" type="xdouble" value="0.3448275862068966"/>
                <entry key="column_translate" type="xdouble" value="-0.33793103448275863"/>
                <entry key="column_min" type="xdouble" value="0.0"/>
                <entry key="column_max" type="xdouble" value="1.0"/>
            </config>
            <config key="Flavanoids">
                <entry key="column_name" type="xstring" value="Flavanoids"/>
                <entry key="column_scale" type="xdouble" value="0.27855153203342614"/>
                <entry key="column_translate" type="xdouble" value="-0.09470752089136489"/>
                <entry key="column_min" type="xdouble" value="0.0"/>
                <entry key="column_max" type="xdouble" value="1.0"/>
            </config>
            <config key="Nonflavanoid phenols">
                <entry key="column_name" type="xstring" value="Nonflavanoid phenols"/>
                <entry key="column_scale" type="xdouble" value="1.8867924528301885"/>
                <entry key="column_translate" type="xdouble" value="-0.2452830188679245"/>
                <entry key="column_min" type="xdouble" value="0.0"/>
                <entry key="column_max" type="xdouble" value="1.0"/>
            </config>
            <config key="Proanthocyanins">
                <entry key="column_name" type="xstring" value="Proanthocyanins"/>
                <entry key="column_scale" type="xdouble" value="0.3921568627450981"/>
                <entry key="column_translate" type="xdouble" value="-0.1607843137254902"/>
                <entry key="column_min" type="xdouble" value="0.0"/>
                <entry key="column_max" type="xdouble" value="1.0"/>
            </config>
            <config key="Color intensity">
                <entry key="column_name" type="xstring" value="Color intensity"/>
                <entry key="column_scale" type="xdouble" value="0.10638297872340426"/>
                <entry key="column_translate" type="xdouble" value="-0.13617021276595745"/>
                <entry key="column_min" type="xdouble" value="0.0"/>
                <entry key="column_max" type="xdouble" value="1.0"/>
            </config>
            <config key="Hue">
                <entry key="column_name" type="xstring" value="Hue"/>
                <entry key="column_scale" type="xdouble" value="1.098901098901099"/>
                <entry key="column_translate" type="xdouble" value="-0.5934065934065935"/>
                <entry key="column_min" type="xdouble" value="0.0"/>
                <entry key="column_max" type="xdouble" value="1.0"/>
            </config>
            <config key="OD280/OD315 of diluted wines">
                <entry key="column_name" type="xstring" value="OD280/OD315 of diluted wines"/>
                <entry key="column_scale" type="xdouble" value="0.3663003663003663"/>
                <entry key="column_translate" type="xdouble" value="-0.46520146520146516"/>
                <entry key="column_min" type="xdouble" value="0.0"/>
                <entry key="column_max" type="xdouble" value="1.0"/>
            </config>
            <config key="Proline">
                <entry key="column_name" type="xstring" value="Proline"/>
                <entry key="column_scale" type="xdouble" value="7.132667617689016E-4"/>
                <entry key="column_translate" type="xdouble" value="-0.19828815977175465"/>
                <entry key="column_min" type="xdouble" value="0.0"/>
                <entry key="column_max" type="xdouble" value="1.0"/>
            </config>
        </config>
        <entry key="summary" type="xstring" value="Min/Max (0.0, 1) normalization on 13 column(s)"/>
    </config>
</config>
